No.,Date,Payment,ExtraPayment,Interest,Principal,Balance
1,July2018,1323.93,0,744.12,579.81,269420.19
2,August2018,1323.93,0,742.52,581.4,268838.79
3,September2018,1323.93,0,740.92,583.01,268255.78
4,October2018,1323.93,0,739.31,584.61,267671.17
5,November2018,1323.93,0,737.7,586.22,267084.94
6,December2018,1323.93,0,736.09,587.84,266497.1
7,January2019,1323.93,0,734.47,589.46,265907.64
8,February2019,1323.93,0,732.84,591.09,265316.56
9,March2019,1323.93,0,731.21,592.71,264723.84
10,April2019,1323.93,0,729.58,594.35,264129.5
11,May2019,1323.93,0,727.94,595.99,263533.51
12,June2019,1323.93,0,726.3,597.63,262935.88
13,July2019,1323.93,0,724.65,599.28,262336.61
14,August2019,1323.93,0,723,600.93,261735.68
15,September2019,1323.93,0,721.34,602.58,261133.1
16,October2019,1323.93,0,719.68,604.24,260528.85
17,November2019,1323.93,0,718.02,605.91,259922.94
18,December2019,1323.93,0,716.35,607.58,259315.37
19,January2020,1323.93,0,714.67,609.25,258706.11
20,February2020,1323.93,0,712.99,610.93,258095.18
21,March2020,1323.93,0,711.31,612.62,257482.56
22,April2020,1323.93,0,709.62,614.3,256868.26
23,May2020,1323.93,0,707.93,616,256252.26
24,June2020,1323.93,0,706.23,617.7,255634.57
25,July2020,1323.93,0,704.53,619.4,255015.17
26,August2020,1323.93,0,702.82,621.1,254394.06
27,September2020,1323.93,0,701.11,622.82,253771.25
28,October2020,1323.93,0,699.39,624.53,253146.71
29,November2020,1323.93,0,697.67,626.25,252520.46
30,December2020,1323.93,0,695.95,627.98,251892.48
31,January2021,1323.93,0,694.22,629.71,251262.77
32,February2021,1323.93,0,692.48,631.45,250631.32
33,March2021,1323.93,0,690.74,633.19,249998.14
34,April2021,1323.93,0,688.99,634.93,249363.2
35,May2021,1323.93,0,687.24,636.68,248726.52
36,June2021,1323.93,0,685.49,638.44,248088.09
37,July2021,1323.93,0,683.73,640.2,247447.89
38,August2021,1323.93,0,681.97,641.96,246805.93
39,September2021,1323.93,0,680.2,643.73,246162.2
40,October2021,1323.93,0,678.42,645.5,245516.7
41,November2021,1323.93,0,676.64,647.28,244869.41
42,December2021,1323.93,0,674.86,649.07,244220.35
43,January2022,1323.93,0,673.07,650.86,243569.49
44,February2022,1323.93,0,671.28,652.65,242916.84
45,March2022,1323.93,0,669.48,654.45,242262.4
46,April2022,1323.93,0,667.68,656.25,241606.15
47,May2022,1323.93,0,665.87,658.06,240948.09
48,June2022,1323.93,0,664.05,659.87,240288.21
49,July2022,1323.93,0,662.23,661.69,239626.52
50,August2022,1323.93,0,660.41,663.52,238963
51,September2022,1323.93,0,658.58,665.34,238297.66
52,October2022,1323.93,0,656.75,667.18,237630.48
53,November2022,1323.93,0,654.91,669.02,236961.46
54,December2022,1323.93,0,653.07,670.86,236290.6
55,January2023,1323.93,0,651.22,672.71,235617.89
56,February2023,1323.93,0,649.36,674.56,234943.33
57,March2023,1323.93,0,647.5,676.42,234266.91
58,April2023,1323.93,0,645.64,678.29,233588.62
59,May2023,1323.93,0,643.77,680.16,232908.46
60,June2023,1323.93,0,641.9,682.03,232226.43
61,July2023,1323.93,0,640.02,683.91,231542.52
62,August2023,1323.93,0,638.13,685.8,230856.73
63,September2023,1323.93,0,636.24,687.69,230169.04
64,October2023,1323.93,0,634.35,689.58,229479.46
65,November2023,1323.93,0,632.45,691.48,228787.98
66,December2023,1323.93,0,630.54,693.39,228094.59
67,January2024,1323.93,0,628.63,695.3,227399.3
68,February2024,1323.93,0,626.71,697.21,226702.08
69,March2024,1323.93,0,624.79,699.14,226002.95
70,April2024,1323.93,0,622.86,701.06,225301.88
71,May2024,1323.93,0,620.93,702.99,224598.89
72,June2024,1323.93,0,618.99,704.93,223893.96
73,July2024,1323.93,0,617.05,706.87,223187.08
74,August2024,1323.93,0,615.1,708.82,222478.26
75,September2024,1323.93,0,613.15,710.78,221767.48
76,October2024,1323.93,0,611.19,712.74,221054.75
77,November2024,1323.93,0,609.23,714.7,220340.05
78,December2024,1323.93,0,607.26,716.67,219623.38
79,January2025,1323.93,0,605.28,718.64,218904.73
80,February2025,1323.93,0,603.3,720.63,218184.11
81,March2025,1323.93,0,601.32,722.61,217461.5
82,April2025,1323.93,0,599.32,724.6,216736.89
83,May2025,1323.93,0,597.33,726.6,216010.3
84,June2025,1323.93,0,595.32,728.6,215281.69
85,July2025,1323.93,0,593.32,730.61,214551.08
86,August2025,1323.93,0,591.3,732.62,213818.46
87,September2025,1323.93,0,589.28,734.64,213083.82
88,October2025,1323.93,0,587.26,736.67,212347.15
89,November2025,1323.93,0,585.23,738.7,211608.45
90,December2025,1323.93,0,583.19,740.73,210867.72
91,January2026,1323.93,0,581.15,742.78,210124.94
92,February2026,1323.93,0,579.1,744.82,209380.12
93,March2026,1323.93,0,577.05,746.87,208633.24
94,April2026,1323.93,0,574.99,748.93,207884.31
95,May2026,1323.93,0,572.93,751,207133.31
96,June2026,1323.93,0,570.86,753.07,206380.25
97,July2026,1323.93,0,568.78,755.14,205625.1
98,August2026,1323.93,0,566.7,757.22,204867.88
99,September2026,1323.93,0,564.62,759.31,204108.57
100,October2026,1323.93,0,562.52,761.4,203347.17
101,November2026,1323.93,0,560.42,763.5,202583.67
102,December2026,1323.93,0,558.32,765.61,201818.06
103,January2027,1323.93,0,556.21,767.72,201050.34
104,February2027,1323.93,0,554.09,769.83,200280.51
105,March2027,1323.93,0,551.97,771.95,199508.56
106,April2027,1323.93,0,549.85,774.08,198734.48
107,May2027,1323.93,0,547.71,776.21,197958.26
108,June2027,1323.93,0,545.57,778.35,197179.91
109,July2027,1323.93,0,543.43,780.5,196399.41
110,August2027,1323.93,0,541.28,782.65,195616.76
111,September2027,1323.93,0,539.12,784.81,194831.95
112,October2027,1323.93,0,536.96,786.97,194044.98
113,November2027,1323.93,0,534.79,789.14,193255.85
114,December2027,1323.93,0,532.61,791.31,192464.53
115,January2028,1323.93,0,530.43,793.49,191671.04
116,February2028,1323.93,0,528.25,795.68,190875.36
117,March2028,1323.93,0,526.05,797.87,190077.48
118,April2028,1323.93,0,523.85,800.07,189277.41
119,May2028,1323.93,0,521.65,802.28,188475.13
120,June2028,1323.93,0,519.44,804.49,187670.64
121,July2028,1323.93,0,517.22,806.71,186863.94
122,August2028,1323.93,0,515,808.93,186055.01
123,September2028,1323.93,0,512.77,811.16,185243.85
124,October2028,1323.93,0,510.53,813.39,184430.45
125,November2028,1323.93,0,508.29,815.64,183614.82
126,December2028,1323.93,0,506.04,817.88,182796.93
127,January2029,1323.93,0,503.79,820.14,181976.79
128,February2029,1323.93,0,501.53,822.4,181154.4
129,March2029,1323.93,0,499.26,824.67,180329.73
130,April2029,1323.93,0,496.99,826.94,179502.79
131,May2029,1323.93,0,494.71,829.22,178673.58
132,June2029,1323.93,0,492.42,831.5,177842.07
133,July2029,1323.93,0,490.13,833.79,177008.28
134,August2029,1323.93,0,487.83,836.09,176172.19
135,September2029,1323.93,0,485.53,838.4,175333.79
136,October2029,1323.93,0,483.22,840.71,174493.09
137,November2029,1323.93,0,480.9,843.02,173650.06
138,December2029,1323.93,0,478.58,845.35,172804.72
139,January2030,1323.93,0,476.25,847.68,171957.04
140,February2030,1323.93,0,473.91,850.01,171107.03
141,March2030,1323.93,0,471.57,852.36,170254.67
142,April2030,1323.93,0,469.22,854.7,169399.97
143,May2030,1323.93,0,466.87,857.06,168542.91
144,June2030,1323.93,0,464.5,859.42,167683.48
145,July2030,1323.93,0,462.14,861.79,166821.69
146,August2030,1323.93,0,459.76,864.17,165957.53
147,September2030,1323.93,0,457.38,866.55,165090.98
148,October2030,1323.93,0,454.99,868.94,164222.04
149,November2030,1323.93,0,452.6,871.33,163350.71
150,December2030,1323.93,0,450.19,873.73,162476.98
151,January2031,1323.93,0,447.79,876.14,161600.84
152,February2031,1323.93,0,445.37,878.55,160722.29
153,March2031,1323.93,0,442.95,880.98,159841.31
154,April2031,1323.93,0,440.52,883.4,158957.91
155,May2031,1323.93,0,438.09,885.84,158072.07
156,June2031,1323.93,0,435.65,888.28,157183.79
157,July2031,1323.93,0,433.2,890.73,156293.06
158,August2031,1323.93,0,430.74,893.18,155399.88
159,September2031,1323.93,0,428.28,895.64,154504.23
160,October2031,1323.93,0,425.81,898.11,153606.12
161,November2031,1323.93,0,423.34,900.59,152705.53
162,December2031,1323.93,0,420.86,903.07,151802.46
163,January2032,1323.93,0,418.37,905.56,150896.9
164,February2032,1323.93,0,415.87,908.05,149988.85
165,March2032,1323.93,0,413.37,910.56,149078.29
166,April2032,1323.93,0,410.86,913.07,148165.22
167,May2032,1323.93,0,408.34,915.58,147249.64
168,June2032,1323.93,0,405.82,918.11,146331.53
169,July2032,1323.93,0,403.29,920.64,145410.9
170,August2032,1323.93,0,400.75,923.17,144487.72
171,September2032,1323.93,0,398.21,925.72,143562
172,October2032,1323.93,0,395.66,928.27,142633.74
173,November2032,1323.93,0,393.1,930.83,141702.91
174,December2032,1323.93,0,390.53,933.39,140769.51
175,January2033,1323.93,0,387.96,935.97,139833.55
176,February2033,1323.93,0,385.38,938.55,138895
177,March2033,1323.93,0,382.79,941.13,137953.87
178,April2033,1323.93,0,380.2,943.73,137010.15
179,May2033,1323.93,0,377.6,946.33,136063.82
180,June2033,1323.93,0,374.99,948.93,135114.88
181,July2033,1323.93,0,372.38,951.55,134163.33
182,August2033,1323.93,0,369.75,954.17,133209.16
183,September2033,1323.93,0,367.12,956.8,132252.36
184,October2033,1323.93,0,364.49,959.44,131292.92
185,November2033,1323.93,0,361.84,962.08,130330.84
186,December2033,1323.93,0,359.19,964.73,129366.1
187,January2034,1323.93,0,356.53,967.39,128398.71
188,February2034,1323.93,0,353.87,970.06,127428.65
189,March2034,1323.93,0,351.19,972.73,126455.92
190,April2034,1323.93,0,348.51,975.41,125480.5
191,May2034,1323.93,0,345.82,978.1,124502.4
192,June2034,1323.93,0,343.13,980.8,123521.6
193,July2034,1323.93,0,340.43,983.5,122538.1
194,August2034,1323.93,0,337.72,986.21,121551.89
195,September2034,1323.93,0,335,988.93,120562.96
196,October2034,1323.93,0,332.27,991.66,119571.31
197,November2034,1323.93,0,329.54,994.39,118576.92
198,December2034,1323.93,0,326.8,997.13,117579.79
199,January2035,1323.93,0,324.05,999.88,116579.91
200,February2035,1323.93,0,321.29,1002.63,115577.28
201,March2035,1323.93,0,318.53,1005.4,114571.88
202,April2035,1323.93,0,315.76,1008.17,113563.72
203,May2035,1323.93,0,312.98,1010.94,112552.77
204,June2035,1323.93,0,310.2,1013.73,111539.04
205,July2035,1323.93,0,307.4,1016.52,110522.52
206,August2035,1323.93,0,304.6,1019.33,109503.19
207,September2035,1323.93,0,301.79,1022.14,108481.05
208,October2035,1323.93,0,298.97,1024.95,107456.1
209,November2035,1323.93,0,296.15,1027.78,106428.32
210,December2035,1323.93,0,293.32,1030.61,105397.71
211,January2036,1323.93,0,290.48,1033.45,104364.26
212,February2036,1323.93,0,287.63,1036.3,103327.96
213,March2036,1323.93,0,284.77,1039.15,102288.81
214,April2036,1323.93,0,281.91,1042.02,101246.79
215,May2036,1323.93,0,279.04,1044.89,100201.9
216,June2036,1323.93,0,276.16,1047.77,99154.13
217,July2036,1323.93,0,273.27,1050.66,98103.47
218,August2036,1323.93,0,270.37,1053.55,97049.92
219,September2036,1323.93,0,267.47,1056.46,95993.46
220,October2036,1323.93,0,264.56,1059.37,94934.09
221,November2036,1323.93,0,261.64,1062.29,93871.81
222,December2036,1323.93,0,258.71,1065.22,92806.59
223,January2037,1323.93,0,255.77,1068.15,91738.44
224,February2037,1323.93,0,252.83,1071.1,90667.34
225,March2037,1323.93,0,249.88,1074.05,89593.3
226,April2037,1323.93,0,246.92,1077.01,88516.29
227,May2037,1323.93,0,243.95,1079.98,87436.31
228,June2037,1323.93,0,240.97,1082.95,86353.36
229,July2037,1323.93,0,237.99,1085.94,85267.42
230,August2037,1323.93,0,235,1088.93,84178.49
231,September2037,1323.93,0,232,1091.93,83086.56
232,October2037,1323.93,0,228.99,1094.94,81991.62
233,November2037,1323.93,0,225.97,1097.96,80893.67
234,December2037,1323.93,0,222.94,1100.98,79792.68
235,January2038,1323.93,0,219.91,1104.02,78688.67
236,February2038,1323.93,0,216.87,1107.06,77581.6
237,March2038,1323.93,0,213.81,1110.11,76471.49
238,April2038,1323.93,0,210.76,1113.17,75358.32
239,May2038,1323.93,0,207.69,1116.24,74242.08
240,June2038,1323.93,0,204.61,1119.32,73122.77
241,July2038,1323.93,0,201.53,1122.4,72000.37
242,August2038,1323.93,0,198.43,1125.49,70874.87
243,September2038,1323.93,0,195.33,1128.6,69746.28
244,October2038,1323.93,0,192.22,1131.71,68614.57
245,November2038,1323.93,0,189.1,1134.82,67479.75
246,December2038,1323.93,0,185.97,1137.95,66341.8
247,January2039,1323.93,0,182.84,1141.09,65200.71
248,February2039,1323.93,0,179.69,1144.23,64056.47
249,March2039,1323.93,0,176.54,1147.39,62909.09
250,April2039,1323.93,0,173.38,1150.55,61758.54
251,May2039,1323.93,0,170.21,1153.72,60604.82
252,June2039,1323.93,0,167.03,1156.9,59447.92
253,July2039,1323.93,0,163.84,1160.09,58287.83
254,August2039,1323.93,0,160.64,1163.29,57124.54
255,September2039,1323.93,0,157.44,1166.49,55958.05
256,October2039,1323.93,0,154.22,1169.71,54788.35
257,November2039,1323.93,0,151,1172.93,53615.42
258,December2039,1323.93,0,147.76,1176.16,52439.25
259,January2040,1323.93,0,144.52,1179.4,51259.85
260,February2040,1323.93,0,141.27,1182.65,50077.2
261,March2040,1323.93,0,138.01,1185.91,48891.28
262,April2040,1323.93,0,134.74,1189.18,47702.1
263,May2040,1323.93,0,131.47,1192.46,46509.64
264,June2040,1323.93,0,128.18,1195.75,45313.9
265,July2040,1323.93,0,124.89,1199.04,44114.85
266,August2040,1323.93,0,121.58,1202.35,42912.51
267,September2040,1323.93,0,118.27,1205.66,41706.85
268,October2040,1323.93,0,114.94,1208.98,40497.87
269,November2040,1323.93,0,111.61,1212.31,39285.55
270,December2040,1323.93,0,108.27,1215.66,38069.9
271,January2041,1323.93,0,104.92,1219.01,36850.89
272,February2041,1323.93,0,101.56,1222.37,35628.52
273,March2041,1323.93,0,98.19,1225.73,34402.79
274,April2041,1323.93,0,94.81,1229.11,33173.68
275,May2041,1323.93,0,91.43,1232.5,31941.18
276,June2041,1323.93,0,88.03,1235.9,30705.28
277,July2041,1323.93,0,84.62,1239.3,29465.98
278,August2041,1323.93,0,81.21,1242.72,28223.26
279,September2041,1323.93,0,77.78,1246.14,26977.12
280,October2041,1323.93,0,74.35,1249.58,25727.54
281,November2041,1323.93,0,70.91,1253.02,24474.52
282,December2041,1323.93,0,67.45,1256.47,23218.04
283,January2042,1323.93,0,63.99,1259.94,21958.11
284,February2042,1323.93,0,60.52,1263.41,20694.7
285,March2042,1323.93,0,57.03,1266.89,19427.8
286,April2042,1323.93,0,53.54,1270.38,18157.42
287,May2042,1323.93,0,50.04,1273.88,16883.53
288,June2042,1323.93,0,46.53,1277.4,15606.14
289,July2042,1323.93,0,43.01,1280.92,14325.22
290,August2042,1323.93,0,39.48,1284.45,13040.78
291,September2042,1323.93,0,35.94,1287.99,11752.79
292,October2042,1323.93,0,32.39,1291.54,10461.26
293,November2042,1323.93,0,28.83,1295.1,9166.16
294,December2042,1323.93,0,25.26,1298.66,7867.5
295,January2043,1323.93,0,21.68,1302.24,6565.25
296,February2043,1323.93,0,18.09,1305.83,5259.42
297,March2043,1323.93,0,14.49,1309.43,3949.99
298,April2043,1323.93,0,10.89,1313.04,2636.95
299,May2043,1323.93,0,7.27,1316.66,1320.29
300,July2043,1323.93,0,3.64,1320.29,0